{
    "model_hyperparameters": {
        "node_in_dim": 36,
        "edge_in_dim": 12,
        "out_channels": 1,
        "global_features": false,
        "frag_dim": 219,
        "L1_hidden_dim": 176,
        "L1_layers_atom": 3,
        "L1_layers_mol": 4,
        "L1_out_dim": 32,
        "L1_dropout": 0.009181369242881692,
        "L2_hidden_dim": 240,
        "L2_layers_atom": 3,
        "L2_layers_mol": 2,
        "L2_out_dim": 80,
        "L2_dropout": 0.06880951788227976,
        "L3_hidden_dim": 96,
        "L3_layers_atom": 4,
        "L3_layers_mol": 2,
        "L3_out_dim": 128,
        "L3_dropout": 0.2286625487998264,
        "n_mlp_layers": 3,
        "num_heads": 2,
        "final_dropout": 0.2485413842794857,
        "MLP_layers": [
            160,
            80,
            32
        ]
    },
    "training_params": {
        "learning_rate": 0.0007222280531915481,
        "lr_reduce": 0.6
    },
    "model_class": "GCGAT_v4pro",
    "model_module": "src.grape.models.GroupGAT",
    "optimization": {
        "study_best_params": {
            "L1_hidden_dim": 176,
            "L1_layers_atom": 3,
            "L1_layers_mol": 4,
            "L1_dropout": 0.009181369242881692,
            "L1_out_dim": 32,
            "L2_hidden_dim": 240,
            "L2_layers_atom": 3,
            "L2_layers_mol": 2,
            "L2_out_dim": 80,
            "L2_dropout": 0.06880951788227976,
            "L3_hidden_dim": 96,
            "L3_layers_atom": 4,
            "L3_layers_mol": 2,
            "L3_out_dim": 128,
            "L3_dropout": 0.2286625487998264,
            "n_mlp_layers": 3,
            "mlp_dim_0": 160,
            "mlp_dim_1": 80,
            "mlp_dim_2": 32,
            "num_heads": 2,
            "final_dropout": 0.2485413842794857,
            "train_learning_rate": 0.0007222280531915481,
            "train_lr_reduce": 0.6
        },
        "study_best_value": 0.011521968990564346,
        "n_trials": 2500,
        "direction": "MINIMIZE"
    },
    "training_date": "27042025_0205",
    "dataset_info": "your_dataset_details",
    "train_performance_metrics": {
        "r2": 0.9955575466156006,
        "rmse": 8.097494125366211,
        "mse": 65.56941223144531,
        "mare": 0.962894856929779,
        "mae": 5.571684837341309
    },
    "val_performance_metrics": {
        "r2": 0.9857310652732849,
        "rmse": 13.040731430053711,
        "mse": 170.06068420410156,
        "mare": 1.4592012166976929,
        "mae": 8.594794273376465
    },
    "test_performance_metrics": {
        "r2": 0.9686383008956909,
        "rmse": 19.534347534179688,
        "mse": 381.59075927734375,
        "mare": 1.7522988319396973,
        "mae": 9.77818489074707
    }
}