{
    "model_hyperparameters": {
        "n_in": 424,
        "n_out": 1,
        "n_hidden": [
            32,
            176,
            480
        ],
        "final_dropout": 0.008058934841647212
    },
    "training_params": {
        "learning_rate": 0.008998710102422255,
        "lr_reduce": 0.6
    },
    "model_class": "Sequential",
    "model_module": "torch.nn.modules.container",
    "optimization": {
        "study_best_params": {
            "mlp_n_layers": 3,
            "mlp_dim_00": 32,
            "mlp_dim_01": 176,
            "mlp_dim_02": 480,
            "final_dropout": 0.008058934841647212,
            "train_learning_rate": 0.008998710102422255,
            "train_lr_reduce": 0.6
        },
        "study_best_value": 0.05729217082262039,
        "n_trials": 2500,
        "direction": "MINIMIZE"
    },
    "training_date": "26042025_0834",
    "dataset_info": "your_dataset_details",
    "train_performance_metrics": {
        "r2": 0.9907935857772827,
        "rmse": 1.2067524194717407,
        "mse": 1.4562513828277588,
        "mare": 2.773017168045044,
        "mae": 0.765560507774353
    },
    "val_performance_metrics": {
        "r2": 0.9354115724563599,
        "rmse": 3.0103795528411865,
        "mse": 9.062385559082031,
        "mare": 5.751031875610352,
        "mae": 1.9241749048233032
    },
    "test_performance_metrics": {
        "r2": 0.8866866230964661,
        "rmse": 4.332368850708008,
        "mse": 18.769420623779297,
        "mare": 7.598759174346924,
        "mae": 2.5539703369140625
    }
}