{
    "model_hyperparameters": {
        "node_in_dim": 36,
        "edge_in_dim": 12,
        "out_channels": 1,
        "global_features": false,
        "frag_dim": 219,
        "L1_hidden_dim": 160,
        "L1_layers_atom": 3,
        "L1_layers_mol": 3,
        "L1_out_dim": 80,
        "L1_dropout": 0.21521034473740905,
        "L2_hidden_dim": 80,
        "L2_layers_atom": 4,
        "L2_layers_mol": 3,
        "L2_out_dim": 64,
        "L2_dropout": 0.08793006070745446,
        "L3_hidden_dim": 80,
        "L3_layers_atom": 2,
        "L3_layers_mol": 4,
        "L3_out_dim": 48,
        "L3_dropout": 0.28703397788623314,
        "n_mlp_layers": 3,
        "num_heads": 2,
        "final_dropout": 0.007695156323252031,
        "MLP_layers": [
            144,
            96,
            264
        ]
    },
    "training_params": {
        "learning_rate": 0.005223891435796095,
        "lr_reduce": 0.6
    },
    "model_class": "GCGAT_v4pro",
    "model_module": "src.grape.models.GroupGAT",
    "optimization": {
        "study_best_params": {
            "L1_hidden_dim": 160,
            "L1_layers_atom": 3,
            "L1_layers_mol": 3,
            "L1_dropout": 0.21521034473740905,
            "L1_out_dim": 80,
            "L2_hidden_dim": 80,
            "L2_layers_atom": 4,
            "L2_layers_mol": 3,
            "L2_out_dim": 64,
            "L2_dropout": 0.08793006070745446,
            "L3_hidden_dim": 80,
            "L3_layers_atom": 2,
            "L3_layers_mol": 4,
            "L3_out_dim": 48,
            "L3_dropout": 0.28703397788623314,
            "n_mlp_layers": 3,
            "mlp_dim_0": 144,
            "mlp_dim_1": 96,
            "mlp_dim_2": 264,
            "num_heads": 2,
            "final_dropout": 0.007695156323252031,
            "train_learning_rate": 0.005223891435796095,
            "train_lr_reduce": 0.6
        },
        "study_best_value": 0.03254278004169464,
        "n_trials": 2500,
        "direction": "MINIMIZE"
    },
    "training_date": "25042025_1922",
    "dataset_info": "your_dataset_details",
    "train_performance_metrics": {
        "r2": 0.9762051105499268,
        "rmse": 1.9400620460510254,
        "mse": 3.763840913772583,
        "mare": 4.245443820953369,
        "mae": 1.296106219291687
    },
    "val_performance_metrics": {
        "r2": 0.9633128643035889,
        "rmse": 2.268824577331543,
        "mse": 5.1475653648376465,
        "mare": 4.5197625160217285,
        "mae": 1.4481422901153564
    },
    "test_performance_metrics": {
        "r2": 0.8818539977073669,
        "rmse": 4.423789024353027,
        "mse": 19.569908142089844,
        "mare": 5.623979568481445,
        "mae": 1.913742184638977
    }
}